time,base_x,base_y,base_z,base_quat_w,base_quat_x,base_quat_y,base_quat_z,base_lin_x,base_lin_y,base_lin_z,base_ang_x,base_ang_y,base_ang_z,q0,q1,q2,q3,q4,q5,q6,q7,q8,q9,q10,q11,dq0,dq1,dq2,dq3,dq4,dq5,dq6,dq7,dq8,dq9,dq10,dq11
0.000000000,0.000000000,0.000000000,0.300000000,1.000000000,0.000000000,0.000000000,0.000000000,0.000000000,0.000000000,0.000000000,0.000000000,0.000000000,0.000000000,0.010817309,0.786541222,-1.573082444,-0.010817309,0.786541222,-1.573082444,0.010817309,0.786541222,-1.573082444,-0.010817309,0.786541222,-1.573082444,-0.034004839,-0.070547623,0.094981153,-0.032747572,-0.042856631,0.131872626,0.032747572,-0.089015995,0.131872626,0.034004839,-0.024433530,0.094981153
0.016666667,-0.000000000,0.000000000,0.300285701,0.999999901,-0.000000000,0.000000000,0.000445349,0.000000000,0.000000000,0.034147013,-0.000000000,0.000000000,0.101314514,0.010250561,0.785365428,-1.571499425,-0.011363102,0.785826945,-1.570884567,0.011363102,0.785057622,-1.570884567,-0.010250561,0.786133996,-1.571499425,-0.060929271,-0.137343460,0.192406477,-0.058327575,-0.087965159,0.258501068,0.058327575,-0.170535909,0.258501068,0.060929271,-0.055063016,0.192406477
0.033333333,0.000000000,0.000000000,0.301133662,0.999998727,-0.000000000,0.000000000,0.001595752,0.000000000,0.000000000,0.067471158,-0.000000000,0.000000000,0.169212878,0.008786333,0.781963107,-1.566668895,-0.012761561,0.783609050,-1.564465741,0.012761561,0.780856692,-1.564465741,-0.008786333,0.784705788,-1.566668895,-0.104039567,-0.265449213,0.391400568,-0.098606001,-0.181878759,0.504378342,0.098606001,-0.322499583,0.504378342,0.104039567,-0.125951355,0.391400568
0.050000000,0.000000000,0.000000000,0.302530168,0.999994967,-0.000000000,0.000000000,0.003172736,0.000000000,0.000000000,0.099972434,-0.000000000,0.000000000,0.203695091,0.006782576,0.776517121,-1.558452739,-0.014649968,0.779764319,-1.554071955,0.014649968,0.774307636,-1.554071955,-0.006782576,0.781935618,-1.558452739,-0.125605470,-0.382881247,0.599174285,-0.117188787,-0.283497036,0.736015321,0.117188787,-0.452518285,0.736015321,0.125605470,-0.216293038,0.599174285
0.066666667,0.000000000,0.000000000,0.304461505,0.999988006,-0.000000000,0.000000000,0.004897829,0.000000000,0.000000000,0.131650842,-0.000000000,0.000000000,0.204761153,0.004599484,0.769200398,-1.546696418,-0.016667854,0.774159149,-1.539931897,0.016667854,0.765772749,-1.539931897,-0.004599484,0.777496020,-1.546696418,-0.125639190,-0.490373147,0.816626041,-0.114454723,-0.393313245,0.954371376,0.114454723,-0.561058131,0.954371376,0.125639190,-0.326252894,0.816626041
0.083333333,0.000000000,0.000000000,0.306913958,0.999978923,-0.000000000,0.000000000,0.006492559,0.000000000,0.000000000,0.162506381,-0.000000000,0.000000000,0.172411063,0.002594603,0.760171349,-1.531231871,-0.018465126,0.766653878,-1.522259576,0.018465126,0.755605698,-1.522259576,-0.002594603,0.771060521,-1.531231871,-0.104480602,-0.588932650,1.044597985,-0.091194988,-0.511576559,1.160342769,0.091194988,-0.648766211,1.160342769,0.104480602,-0.455665336,1.044597985
0.100000000,0.000000000,0.000000000,0.309873813,0.999970520,-0.000000000,0.000000000,0.007678468,0.000000000,0.000000000,0.192539052,0.000000000,0.000000000,0.106644824,0.001116797,0.749569310,-1.511876486,-0.019707687,0.757106597,-1.501253805,0.019707687,0.744147208,-1.501253805,-0.001116797,0.762307176,-1.511876486,-0.064213654,-0.678525443,1.279649837,-0.049816090,-0.635909409,1.352019637,0.049816090,-0.716110227,1.352019637,0.064213654,-0.601124394,1.279649837
0.116666667,0.000000000,0.000000000,0.313309407,0.999966261,-0.000000000,0.000000000,0.008214416,0.000000000,0.000000000,0.218518247,0.000000000,0.000000000,0.020895002,0.000454148,0.737553835,-1.488576876,-0.020125662,0.745456898,-1.477192255,0.020125662,0.731735357,-1.477192255,-0.000454148,0.751023042,-1.488576876,-0.012634651,-0.753807440,1.500438601,0.001878786,-0.753974586,1.515636483,-0.001878786,-0.761661897,1.515636483,0.012634651,-0.746631161,1.500438601
0.133333333,0.000000000,0.000000000,0.317117288,0.999967931,-0.000000000,0.000000000,0.008008510,0.000000000,0.000000000,0.237213360,0.000000000,0.000000000,-0.071405832,0.000695642,0.724442395,-1.461861865,-0.019645061,0.731974111,-1.450732589,0.019645061,0.718758478,-1.450732589,-0.000695642,0.737419470,-1.461861865,0.042554584,-0.808649186,1.684694358,0.056506807,-0.852929479,1.636338231,-0.056506807,-0.783408752,1.636338231,-0.042554584,-0.876045172,1.684694358
0.150000000,0.000000000,0.000000000,0.321176052,0.999975457,0.000000000,0.000000000,0.007006157,0.000000000,0.000000000,0.248624389,0.000000000,0.000000000,-0.170257678,0.001872634,0.710598862,-1.432420398,-0.018242102,0.717025915,-1.422647647,0.018242102,0.705621732,-1.422647647,-0.001872634,0.721821536,-1.432420398,0.099366041,-0.841272675,1.826892584,-0.011696262,-0.271746600,0.744769429,0.011696262,-0.473022829,0.744769429,-0.099366041,-0.985619910,1.826892584
0.166666667,0.000000000,0.000000000,0.325364300,0.999986725,0.000000000,0.000000000,0.005152748,0.000000000,0.000000000,0.252751337,0.000000000,-0.000000000,-0.275660537,0.004007844,0.696399973,-1.400965446,-0.020034936,0.722915891,-1.425906941,0.020034936,0.702991051,-1.425906941,-0.004007844,0.704565473,-1.400965446,0.157373209,-0.850665968,1.925296403,-0.297800329,1.391879431,-1.702305089,0.297800329,0.310425658,-1.702305089,-0.157373209,-1.074630435,1.925296403
0.183333333,0.000000000,0.000000000,0.329560630,0.999997135,0.000000000,0.000000000,0.002393672,0.000000000,0.000000000,0.249594201,-0.000000000,-0.000000000,-0.387614408,0.007118407,0.682243330,-1.368243851,-0.028168779,0.763421896,-1.479391150,0.028168779,0.715969254,-1.479391150,-0.007118407,0.686000521,-1.368243851,0.216327368,-0.835352743,1.977602293,-0.646400212,3.082318755,-4.048946168,0.646400212,0.966627413,-4.048946168,-0.216327368,-1.142249550,1.977602293
0.200000000,0.000000000,0.000000000,0.333643640,0.999999121,0.000000000,0.000000000,-0.001325666,0.000000000,0.000000000,0.239152983,-0.000000000,-0.000000000,-0.506119292,0.011218756,0.668554881,-1.335045370,-0.041581610,0.825659849,-1.560871814,0.041581610,0.735211965,-1.560871814,-0.011218756,0.666490488,-1.335045370,0.277070965,-0.797527702,1.990556089,-0.930151157,4.016252249,-5.107006434,0.930151157,1.090754185,-5.107006434,-0.277070965,-1.193028386,1.990556089
0.216666667,0.000000000,0.000000000,0.337530310,0.999981459,-0.000000000,-0.000000000,-0.006089532,-0.000000000,-0.000000000,0.228336268,-0.000000000,-0.000000000,-0.641876473,0.016354106,0.655659073,-1.301891981,-0.059173818,0.897296971,-1.649624698,0.059173818,0.752327727,-1.649624698,-0.016354106,0.646232908,-1.301891981,0.343975871,-0.756347553,2.010391002,-1.122838358,4.221684356,-5.015893126,1.122838358,0.794208770,-5.015893126,-0.343975871,-1.254043449,2.010391002
0.233333333,0.000000000,0.000000000,0.341291144,0.999926781,-0.000000000,-0.000000000,-0.012100961,-0.000000000,-0.000000000,0.224052641,-0.000000000,-0.000000000,-0.805587235,0.022684618,0.643343296,-1.268032336,-0.079009555,0.966382661,-1.728068251,0.079009555,0.761685590,-1.728068251,-0.022684618,0.624689040,-1.268032336,0.420528973,-0.733503530,2.088139025,-1.159488889,3.715890985,-3.981911677,1.159488889,0.266020692,-3.981911677,-0.420528973,-1.354635495,2.088139025
0.250000000,0.000000000,0.000000000,0.345035026,0.999808050,-0.000000000,-0.000000000,-0.019592419,-0.000000000,-0.000000000,0.226302102,-0.000000000,-0.000000000,-0.997251579,0.030371739,0.631208955,-1.232287347,-0.097823448,1.021160004,-1.782355087,0.097823448,0.761195083,-1.782355087,-0.030371739,0.601078392,-1.232287347,0.505556531,-0.736789860,2.241392599,-0.957217275,2.502083653,-2.193347694,0.957217275,-0.308735959,-2.193347694,-0.505556531,-1.504602739,2.241392599
0.266666667,0.000000000,0.000000000,0.348870842,0.999585315,-0.000000000,-0.000000000,-0.028795784,-0.000000000,-0.000000000,0.235084651,-0.000000000,-0.000000000,-1.216869505,0.039536503,0.618783634,-1.193319250,-0.110916798,1.049785449,-1.801179841,0.110916798,0.751394392,-1.801179841,-0.039536503,0.574535615,-1.193319250,0.596322004,-0.771513939,2.481421243,-0.510578741,0.626203240,0.307561597,0.510578741,-0.933764837,0.307561597,-0.596322004,-1.709907303,2.481421243
0.283333333,0.000000000,0.000000000,0.352907476,0.999202006,-0.000000000,-0.000000000,-0.039941852,-0.000000000,-0.000000000,0.250400288,-0.000000000,-0.000000000,-1.464441013,0.050249139,0.605491824,-1.149573306,-0.114842739,1.042033445,-1.772103034,0.114842739,0.730069589,-1.772103034,-0.050249139,0.544081482,-1.149573306,0.689425339,-0.845352785,2.824124091,-0.185336468,-1.443168740,3.467390765,0.185336468,-2.024222026,3.467390765,-0.689425339,-1.978771306,2.824124091
0.300000000,0.000000000,0.000000000,0.357253813,0.998580703,-0.000000000,-0.000000000,-0.053259553,-0.000000000,-0.000000000,0.272249014,-0.000000000,-0.000000000,-1.739966102,0.062517347,0.590605208,-1.099181780,-0.117094680,1.001679825,-1.685600149,0.117094680,0.683920324,-1.685600149,-0.062517347,0.508576572,-1.099181780,0.778508138,-0.955878972,3.260551786,-0.106785687,-3.227322661,6.591242188,0.106785687,-3.363919526,6.591242188,-0.778508138,-2.304672814,3.260551786
0.316666667,0.000000000,0.000000000,0.361913295,0.997625700,-0.000000000,-0.000000000,-0.068869168,-0.000000000,-0.000000000,0.281650997,0.000000000,0.000000000,-2.005342825,0.076199410,0.573629191,-1.040888246,-0.118402262,0.934456023,-1.552394961,0.118402262,0.617938938,-1.552394961,-0.076199410,0.467259055,-1.040888246,0.849639991,-1.042440416,3.648533457,-0.040127565,-4.633025838,8.972060099,0.040127565,-4.339034261,8.972060099,-0.849639991,-2.606093041,3.648533457
0.333333333,0.000000000,0.000000000,0.366467588,0.996254888,-0.000000000,-0.000000000,-0.086465014,-0.000000000,-0.000000000,0.259626407,0.000000000,0.000000000,-2.222469236,0.090838680,0.555857194,-0.977563998,-0.118432266,0.847245630,-1.386531479,0.118432266,0.539285849,-1.386531479,-0.090838680,0.421706804,-0.977563998,0.894397363,-1.025662195,3.811012065,0.047878993,-5.568732573,10.428731026,-0.047878993,-4.859998454,10.428731026,-0.894397363,-2.785349870,3.811012065
0.350000000,0.000000000,0.000000000,0.370392916,0.994405140,-0.000000000,-0.000000000,-0.105633407,-0.000000000,-0.000000000,0.206175245,0.000000000,0.000000000,-2.391345332,0.106012656,0.539440452,-0.913854511,-0.116806295,0.748831604,-1.204770593,0.116806295,0.455938989,-1.204770593,-0.106012656,0.374414059,-0.913854511,0.747998347,-0.260281439,2.392401090,0.167531980,-5.861871060,10.649823611,-0.167531980,-4.787952551,10.649823611,-0.747998347,-2.132119651,2.392401090
0.366666667,-0.000000000,0.000000000,0.373165504,0.992035401,-0.000000000,-0.000000000,-0.125959369,-0.000000000,-0.000000000,0.121297510,0.000000000,0.000000000,-2.511971116,0.115771959,0.547181146,-0.897817295,-0.112847866,0.651849928,-1.031537358,0.112847866,0.379687430,-1.031537358,-0.115771959,0.350636149,-0.897817295,0.301490943,1.685483878,-1.546061025,0.340246243,-5.157283151,8.916093676,-0.340246243,-3.758810526,8.916093676,-0.301490943,-0.139422853,-1.546061025
0.383333333,-0.000000000,0.000000000,0.374261574,0.989132321,-0.000000000,0.000000000,-0.147028063,-0.000000000,-0.000000000,0.004993202,0.000000000,0.000000000,-2.584346586,0.116062354,0.595623248,-0.965389878,-0.105464754,0.576922166,-0.907567471,0.105464754,0.330645305,-0.907567471,-0.116062354,0.369766631,-0.965389878,-0.212066633,3.753707324,-5.841430873,0.598969871,-2.967771834,4.224773543,-0.598969871,-1.257001710,4.224773543,0.212066633,2.087723549,-5.841430873
0.400000000,-0.000000000,0.000000000,0.373157352,0.985714197,0.000000000,0.000000000,-0.168426610,-0.000000000,-0.000000000,-0.142737678,0.000000000,0.000000000,-2.608471743,0.108703071,0.672304724,-1.092531657,-0.092882204,0.552924200,-0.890711574,0.092882204,0.337787373,-0.890711574,-0.108703071,0.420226934,-1.092531657,-0.635773982,5.030174877,-8.607802730,0.867480270,-0.254853085,-1.417891903,-0.867480270,1.672744988,-1.417891903,0.635773982,3.577627853,-8.607802730
0.416666667,-0.000000000,0.000000000,0.369579730,0.981826209,0.000000000,0.000000000,-0.189782230,-0.000000000,-0.000000000,-0.276774502,0.000000000,0.000000000,-2.597606571,0.094869888,0.763295743,-1.252316636,-0.076548745,0.568427063,-0.954830534,0.076548745,0.386403472,-0.954830534,-0.094869888,0.489020892,-1.252316636,-1.001051181,5.479147650,-9.790513105,1.003010409,1.122532066,-4.188099090,-1.003010409,3.065567023,-4.188099090,1.001051181,4.311365455,-9.790513105
0.433333333,-0.000000000,0.000000000,0.364258283,0.977513808,0.000000000,0.000000000,-0.210871418,-0.000000000,-0.000000000,-0.351996643,0.000000000,0.000000000,-2.565011056,0.075334698,0.854942979,-1.418882094,-0.059448524,0.590341936,-1.030314877,0.059448524,0.439972941,-1.030314877,-0.075334698,0.563939116,-1.418882094,-1.313524015,5.218110262,-9.650333359,1.054293678,1.342712234,-4.551343485,-1.054293678,3.208631251,-4.551343485,1.313524015,4.432223097,-9.650333359
0.450000000,-0.000000000,0.000000000,0.358173257,0.972832386,0.000000000,0.000000000,-0.231510581,-0.000000000,-0.000000000,-0.368404099,0.000000000,0.000000000,-2.510685198,0.051085754,0.937232752,-1.573994415,-0.041405622,0.613184137,-1.106541984,0.041405622,0.493357847,-1.106541984,-0.051085754,0.636761662,-1.573994415,-1.542237945,4.431340078,-8.565068554,1.110309846,1.272080477,-4.346101998,-1.110309846,3.074021522,-4.346101998,1.542237945,4.133728475,-8.565068554
0.466666667,-0.000000000,0.000000000,0.352304895,0.967852024,0.000000000,0.000000000,-0.251520296,-0.000000000,-0.000000000,-0.325996871,0.000000000,0.000000000,-2.434628997,0.023926767,1.002654315,-1.704384379,-0.022438195,0.632744618,-1.175184943,0.022438195,0.542440325,-1.175184943,-0.023926767,0.701730065,-1.704384379,-1.622462391,3.228922169,-6.729589310,1.158176252,0.974212562,-3.684121969,-1.158176252,2.709909407,-3.684121969,1.622462391,3.500667141,-6.729589310
0.483333333,-0.000000000,0.000000000,0.347633443,0.962656490,0.000000000,0.000000000,-0.270725842,-0.000000000,-0.000000000,-0.224774958,0.000000000,0.000000000,-2.336842453,-0.002996326,1.044863491,-1.798314058,-0.002799747,0.645657889,-1.229346049,0.002799747,0.583688160,-1.229346049,0.002996326,0.753450567,-1.798314058,-1.471524031,1.670389397,-4.176935395,1.182740272,0.486509308,-2.624807087,-1.182740272,2.138297780,-2.624807087,1.471524031,2.506545997,-4.176935395
0.500000000,-0.000000000,0.000000000,0.345139144,0.957341916,0.000000000,0.000000000,-0.288957534,-0.000000000,-0.000000000,-0.064738362,-0.000000000,-0.000000000,-2.217325566,-0.025124035,1.058333961,-1.843615559,0.016986480,0.648961595,-1.262678513,-0.016986480,0.613716918,-1.262678513,0.025124035,0.785281598,-1.843615559,-1.295074444,-0.236548236,-1.128009413,1.170839130,-0.141071279,-1.255890592,-1.170839130,1.396961871,-1.255890592,1.295074444,1.364557650,-1.128009413
0.516666667,-0.000000000,0.000000000,0.345475497,0.951996702,0.000000000,0.000000000,-0.306108282,-0.000000000,-0.000000000,0.095298235,-0.000000000,-0.000000000,-2.097808678,-0.046165474,1.036978550,-1.835914372,0.036228224,0.640955513,-1.271209069,-0.036228224,0.630253556,-1.271209069,0.046165474,0.798935822,-1.835914372,-1.334715686,-2.219067217,1.734639467,1.127497661,-0.730203992,0.062118056,-1.127497661,0.668085936,0.062118056,1.334715686,0.484427750,1.734639467
0.533333333,-0.000000000,0.000000000,0.347989004,0.946636471,0.000000000,0.000000000,-0.322303260,-0.000000000,-0.000000000,0.196520147,-0.000000000,-0.000000000,-2.000022134,-0.069614557,0.984365054,-1.785794244,0.054569736,0.624621462,-1.260607911,-0.054569736,0.635986449,-1.260607911,0.069614557,0.801429190,-1.785794244,-1.346962987,-3.794155188,4.009851223,1.072842183,-1.114720446,0.978241485,-1.072842183,0.136478961,0.978241485,1.346962987,-0.215696035,4.009851223
0.550000000,-0.000000000,0.000000000,0.351699420,0.941245635,0.000000000,0.000000000,-0.337722748,-0.000000000,-0.000000000,0.238927375,-0.000000000,-0.000000000,-1.923965933,-0.091064240,0.910506710,-1.702252665,0.071989630,0.603798165,-1.238601020,-0.071989630,0.634802855,-1.238601020,0.091064240,0.791745954,-1.702252665,-1.150178605,-4.770262910,5.705381147,1.024228975,-1.270786163,1.427196342,-1.024228975,-0.156410178,1.427196342,1.150178605,-0.935118237,5.705381147
0.566666667,-0.000000000,-0.000000000,0.355626502,0.935795315,0.000000000,0.000000000,-0.352543797,-0.000000000,-0.000000000,0.222519919,-0.000000000,-0.000000000,-1.869640075,-0.107953844,0.825356290,-1.595614872,0.088710702,0.582261923,-1.213034700,-0.088710702,0.630772776,-1.213034700,0.107953844,0.770258582,-1.595614872,-0.846267526,-5.155473853,6.701938508,0.995144660,-1.195288901,1.390298923,-0.995144660,-0.195010022,1.390298923,0.846267526,-1.546464655,6.701938508
0.583333333,-0.000000000,-0.000000000,0.358790003,0.930244592,-0.000000000,0.000000000,-0.366940047,-0.000000000,-0.000000000,0.147297779,-0.000000000,-0.000000000,-1.837044560,-0.119273158,0.738657582,-1.478854714,0.105161118,0.563955202,-1.192257722,-0.105161118,0.628302520,-1.192257722,0.119273158,0.740197132,-1.478854714,-0.507699580,-4.937979831,6.802713829,0.997251137,-0.877879505,0.838342708,-0.997251137,0.039536797,0.838342708,0.507699580,-1.864733998,6.802713829
0.600000000,-0.000000000,-0.000000000,0.360209679,0.924541437,-0.000000000,-0.000000000,-0.381081528,-0.000000000,-0.000000000,0.013260954,-0.000000000,-0.000000000,-1.826179389,-0.124877164,0.660756963,-1.368857744,0.121952406,0.552999273,-1.185089943,-0.121952406,0.632090669,-1.185089943,0.124877164,0.708100782,-1.368857744,-0.166174658,-4.078810561,5.805991148,0.923077962,0.074013655,-0.717081457,-0.923077962,0.643067803,-0.717081457,0.166174658,-1.727180587,5.805991148
0.616666667,-0.000000000,-0.000000000,0.359174059,0.918632595,-0.000000000,-0.000000000,-0.395112840,-0.000000000,-0.000000000,-0.131211410,-0.000000000,-0.000000000,-1.828593842,-0.124812313,0.602697230,-1.285321676,0.135930384,0.566422324,-1.216160437,-0.135930384,0.649738114,-1.216160437,0.124812313,0.682624446,-1.285321676,0.184512260,-2.633945176,3.787380495,0.656488036,1.744483471,-3.215525670,-0.656488036,1.471042199,-3.215525670,-0.184512260,-1.153435318,3.787380495
0.633333333,-0.000000000,-0.000000000,0.356046763,0.912494359,-0.000000000,-0.000000000,-0.409089288,-0.000000000,-0.000000000,-0.237740168,-0.000000000,-0.000000000,-1.835837203,-0.118726755,0.572958790,-1.242611728,0.143835341,0.611148722,-1.292274132,-0.143835341,0.681125409,-1.292274132,0.118726755,0.669652938,-1.242611728,0.567629073,-0.717139131,1.022365945,0.299239365,3.291447102,-5.349089645,-0.299239365,2.057642543,-5.349089645,-0.567629073,-0.305226815,1.022365945
0.650000000,-0.000000000,-0.000000000,0.351460185,0.906109450,-0.000000000,-0.000000000,-0.423043337,-0.000000000,-0.000000000,-0.306325321,-0.000000000,-0.000000000,-1.847909471,-0.105891344,0.578792592,-1.251242811,0.145905029,0.676137227,-1.394463426,-0.145905029,0.718326199,-1.394463426,0.105891344,0.672450219,-1.251242811,0.885709076,0.976707050,-1.394532027,-0.051867469,4.216957484,-6.408221710,0.051867469,2.191264227,-6.408221710,-0.885709076,0.417824976,-1.394532027
0.666666667,-0.000000000,-0.000000000,0.346046717,0.899458418,-0.000000000,-0.000000000,-0.437006355,-0.000000000,-0.000000000,-0.336966868,-0.000000000,-0.000000000,-1.864810645,-0.089203119,0.605515692,-1.289096129,0.142106425,0.751713972,-1.505881522,-0.142106425,0.754167550,-1.505881522,0.089203119,0.683580437,-1.289096129,1.013291626,1.621532835,-2.254233299,-0.405008962,4.609156749,-6.560631727,0.405008962,1.951474979,-6.560631727,-1.013291626,0.632700464,-2.254233299
0.683333333,-0.000000000,-0.000000000,0.340438754,0.892519650,-0.000000000,-0.000000000,-0.451008509,0.000000000,-0.000000000,-0.329664810,-0.000000000,-0.000000000,-1.886540727,-0.072114956,0.632843687,-1.326383921,0.132404731,0.829775785,-1.613151150,-0.132404731,0.783375365,-1.613151150,0.072114956,0.693540234,-1.326383921,1.042106561,1.589057242,-2.075629640,-0.749609318,4.541274351,-5.998282264,0.749609318,1.457007914,-5.998282264,-1.042106561,0.486572397,-2.075629640
0.700000000,-0.000000000,-0.000000000,0.335268688,0.885269364,-0.000000000,-0.000000000,-0.465078653,0.000000000,-0.000000000,-0.284419147,0.000000000,0.000000000,-1.913099716,-0.054466234,0.658484266,-1.358283783,0.117119448,0.903089783,-1.705824264,-0.117119448,0.802734481,-1.705824264,0.054466234,0.699799517,-1.358283783,1.075986269,1.431244569,-1.636888205,-1.049912515,4.052184233,-4.886588137,1.049912515,0.834403905,-4.886588137,-1.075986269,0.205643636,-1.636888205
0.716666667,-0.000000000,-0.000000000,0.331089753,0.877684830,-0.000000000,-0.000000000,-0.479238291,0.000000000,-0.000000000,-0.215478660,0.000000000,0.000000000,-1.942062176,-0.036248747,0.680551839,-1.380946861,0.097407647,0.964848593,-1.776037421,-0.097407647,0.811188828,-1.776037421,0.036248747,0.700395022,-1.380946861,1.104797098,1.194544757,-1.042034185,-1.241878743,3.184148832,-3.401368298,1.241878743,0.217219466,-3.401368298,-1.104797098,-0.152510572,-1.042034185
0.733333333,-0.000000000,-0.000000000,0.328138544,0.869754801,-0.000000000,-0.000000000,-0.493484130,0.000000000,-0.000000000,-0.137092134,0.000000000,0.000000000,-1.971002670,-0.017639664,0.698302425,-1.393018256,0.075723490,1.009228078,-1.819203207,-0.075723490,0.809975130,-1.819203207,0.017639664,0.694715831,-1.393018256,1.120645395,0.918722874,-0.380567768,-1.249059396,1.981053946,-1.672949018,1.249059396,-0.308104928,-1.672949018,-1.120645395,-0.538155106,-0.380567768
0.750000000,-0.000000000,-0.000000000,0.326572494,0.861471169,-0.000000000,-0.000000000,-0.507806483,0.000000000,-0.000000000,-0.049259568,0.000000000,0.000000000,-1.999921200,0.001106099,0.711175935,-1.393632454,0.055772334,1.030883725,-1.831802388,-0.055772334,0.800918664,-1.831802388,-0.001106099,0.682456519,-1.393632454,1.119885699,0.605320854,0.337913881,-1.268656324,0.593224226,0.349703419,1.268656324,-0.942927645,0.349703419,-1.119885699,-0.943234735,0.337913881
0.766666667,-0.000000000,-0.000000000,0.326549036,0.852825941,-0.000000000,0.000000000,-0.522195283,0.000000000,-0.000000000,0.048019039,0.000000000,0.000000000,-2.028817764,0.019689860,0.718479787,-1.381754460,0.033434946,1.029002219,-1.807546427,-0.033434946,0.778544208,-1.807546427,-0.019689860,0.663274673,-1.381754460,1.100333537,0.245448079,1.125857477,-1.529278022,-0.741029800,2.566352041,1.529278022,-1.825322242,2.566352041,-1.100333537,-1.371305556,1.125857477
0.783333333,-0.000000000,-0.000000000,0.328225606,0.843811254,-0.000000000,0.000000000,-0.536640073,0.000000000,-0.000000000,0.154743685,0.000000000,0.000000000,-2.057692364,0.037783884,0.719357537,-1.356103871,0.004796400,1.006182731,-1.746257320,-0.004796400,0.740074589,-1.746257320,-0.037783884,0.636746334,-1.356103871,1.060824293,-0.172355464,2.001915708,-1.765484506,-1.974061689,4.638771285,1.765484506,-2.664709596,4.638771285,-1.060824293,-1.829560245,2.001915708
0.800000000,-0.000000000,-0.000000000,0.331759637,0.834419393,0.000000000,0.000000000,-0.551130000,0.000000000,-0.000000000,0.270914371,0.000000000,0.000000000,-2.086544998,0.055050669,0.712734605,-1.315023937,-0.025414538,0.963200162,-1.652920717,0.025414538,0.689720555,-1.652920717,-0.055050669,0.602289332,-1.315023937,1.002215376,-0.644854432,2.958415179,-1.739834218,-3.122128886,6.405176925,1.739834218,-3.283048039,6.405176925,-1.002215376,-2.313560747,2.958415179
0.816666667,-0.000000000,-0.000000000,0.337150686,0.824646567,0.000000000,0.000000000,-0.565648336,-0.000000000,-0.000000000,0.368113254,0.000000000,0.000000000,-2.112983179,0.071191063,0.697862390,-1.257490032,-0.053198074,0.902111768,-1.532751423,0.053198074,0.630639654,-1.532751423,-0.071191063,0.559627642,-1.257490032,0.931302298,-1.091823002,3.844005462,-1.513656289,-4.058245320,7.743228877,1.513656289,-3.684983557,7.743228877,-0.931302298,-2.752182460,3.844005462
0.833333333,-0.000000000,-0.000000000,0.343766803,0.814504977,0.000000000,0.000000000,-0.580156568,-0.000000000,-0.000000000,0.417922492,0.000000000,0.000000000,-2.134614418,0.086094079,0.676340505,-1.186890421,-0.075869748,0.827925318,-1.394813088,0.075869748,0.566887770,-1.394813088,-0.086094079,0.510549917,-1.186890421,0.859297137,-1.417155034,4.483132308,-1.160420903,-4.645499575,8.459990709,1.160420903,-3.814491135,8.459990709,-0.859297137,-3.065977274,4.483132308
0.850000000,-0.000000000,-0.000000000,0.350818160,0.804012904,0.000000000,0.000000000,-0.594611848,-0.000000000,-0.000000000,0.420342085,-0.000000000,0.000000000,-2.151438714,0.099834301,0.650623889,-1.108052288,-0.091878771,0.747261783,-1.250751733,0.091878771,0.503489950,-1.250751733,-0.099834301,0.457428400,-1.108052288,0.646059395,-1.064445114,3.705801162,-0.731687992,-4.776706284,8.358719337,0.731687992,-3.582013052,8.358719337,-0.646059395,-2.641356048,3.705801162
0.866666667,-0.000000000,-0.000000000,0.357514930,0.793191143,0.000000000,0.000000000,-0.608972750,-0.000000000,-0.000000000,0.375372032,-0.000000000,0.000000000,-2.163456069,0.107629392,0.640859001,-1.063363716,-0.100259347,0.668701776,-1.116189110,0.100259347,0.447487335,-1.116189110,-0.107629392,0.422504715,-1.063363716,0.200037100,0.403560665,0.572096985,-0.246675877,-4.295294836,7.116404457,0.246675877,-2.821109621,7.116404457,-0.200037100,-0.975657650,0.572096985
0.883333333,-0.000000000,-0.000000000,0.363067286,0.782062982,0.000000000,0.000000000,-0.623199400,-0.000000000,-0.000000000,0.283012333,-0.000000000,0.000000000,-2.170666482,0.106502204,0.664075911,-1.088982389,-0.100101300,0.604085288,-1.013538251,0.100101300,0.409452963,-1.013538251,-0.106502204,0.424906478,-1.088982389,-0.272080001,2.198627081,-3.274130912,0.306175238,-3.007871387,4.328407413,-0.306175238,-1.320536026,4.328407413,0.272080001,1.075503831,-3.274130912
0.900000000,-0.000000000,-0.000000000,0.366685399,0.770654159,0.000000000,0.000000000,-0.637253613,-0.000000000,-0.000000000,0.143262989,-0.000000000,0.000000000,-2.173069953,0.098560059,0.714146570,-1.172501413,-0.090053506,0.568439396,-0.971908863,0.090053506,0.403469467,-0.971908863,-0.098560059,0.458354843,-1.172501413,-0.639344998,3.518894341,-6.168183427,0.769975622,-1.367104993,0.946412140,-0.769975622,0.420692853,0.946412140,0.639344998,2.649289085,-6.168183427
0.916666667,-0.000000000,-0.000000000,0.367830783,0.759005395,-0.000000000,0.000000000,-0.651084334,-0.000000000,-0.000000000,0.001365180,-0.000000000,0.000000000,-2.163705646,0.085190704,0.781372389,-1.294588503,-0.074435446,0.558515122,-0.981991179,0.074435446,0.423476058,-0.981991179,-0.085190704,0.513216114,-1.294588503,-0.940238464,4.177057333,-7.768366357,0.939382327,-0.302389631,-1.137790193,-0.939382327,1.440179824,-1.137790193,0.940238464,3.591309024,-7.768366357
0.933333333,-0.000000000,-0.000000000,0.366970309,0.747212183,-0.000000000,0.000000000,-0.664585550,-0.000000000,-0.000000000,-0.097439916,-0.000000000,0.000000000,-2.135612724,0.067218777,0.853381815,-1.431446958,-0.058740762,0.558359742,-1.009835203,0.058740762,0.451475461,-1.009835203,-0.067218777,0.578065143,-1.431446958,-1.188079934,4.161291494,-8.085591354,0.948576908,0.162201913,-1.969127006,-0.948576908,1.806925094,-1.969127006,1.188079934,3.924299860,-8.085591354
0.950000000,-0.000000000,-0.000000000,0.364822189,0.735390402,-0.000000000,0.000000000,-0.677643680,-0.000000000,-0.000000000,-0.153152298,-0.000000000,-0.000000000,-2.088791187,0.045588040,0.920082105,-1.564108215,-0.042816216,0.563921852,-1.047628746,0.042816216,0.483706894,-1.047628746,-0.045588040,0.644026109,-1.564108215,-1.360470490,3.614190299,-7.405414411,0.963004109,0.393405387,-2.345631895,-0.963004109,1.952226508,-2.345631895,1.360470490,3.791224111,-7.405414411
0.966666667,-0.000000000,-0.000000000,0.362104636,0.723663672,-0.000000000,0.000000000,-0.690152802,-0.000000000,-0.000000000,-0.165771965,-0.000000000,-0.000000000,-2.023241035,0.021869761,0.973854825,-1.678294105,-0.026640625,0.571473255,-1.088022933,0.026640625,0.516549678,-1.088022933,-0.021869761,0.704439281,-1.678294105,-1.408683864,2.654623169,-5.930959578,0.974532939,0.415263275,-2.304952544,-0.974532939,1.889689269,-2.304952544,1.408683864,3.276336410,-5.930959578
0.983333333,-0.000000000,-0.000000000,0.359535861,0.712162585,-0.000000000,0.000000000,-0.702014567,-0.000000000,-0.000000000,-0.135298919,-0.000000000,-0.000000000,-1.938962268,-0.001368089,1.008569544,-1.761806867,-0.010331785,0.577763961,-1.124460498,0.010331785,0.546696536,-1.124460498,0.001368089,0.753237323,-1.761806867,-1.271960923,1.357001702,-3.731218229,0.974591774,0.254122887,-1.890350785,-0.974591774,1.636227898,-1.890350785,1.271960923,2.374216526,-3.731218229
1.000000000,-0.000000000,-0.000000000,0.357834076,0.701023813,-0.000000000,0.000000000,-0.713137865,-0.000000000,-0.000000000,-0.061733159,-0.000000000,-0.000000000,-1.835954887,-0.020528937,1.019088215,-1.802668046,0.005845768,0.579944017,-1.151034625,-0.005845768,0.571090608,-1.151034625,0.020528937,0.783579831,-1.802668046,-1.131160368,-0.263605022,-1.035207167,0.956518834,-0.041914923,-1.192059412,-0.956518834,1.233974334,-1.192059412,1.131160368,1.298812189,-1.035207167
1.016666667,-0.000000000,-0.000000000,0.357478089,0.690351442,-0.000000000,0.000000000,-0.723474178,-0.000000000,-0.000000000,0.011832602,0.000000000,-0.000000000,-1.732947506,-0.039073435,0.999782710,-1.796313773,0.021552176,0.576366797,-1.164195811,-0.021552176,0.587829014,-1.164195811,0.039073435,0.796531063,-1.796313773,-1.191147508,-1.954279225,1.493777456,0.925334135,-0.319083513,-0.525050363,-0.925334135,0.844133876,-0.525050363,1.191147508,0.460501769,1.493777456
1.033333333,-0.000000000,-0.000000000,0.357989092,0.680098987,-0.000000000,0.000000000,-0.733120295,-0.000000000,-0.000000000,0.042305648,0.000000000,-0.000000000,-1.648668740,-0.060233854,0.953945574,-1.752875464,0.036690239,0.569307900,-1.168536304,-0.036690239,0.599228404,-1.168536304,0.060233854,0.798929890,-1.752875464,-1.239161649,-3.275462124,3.439056742,0.894268552,-0.435633031,-0.187977285,-0.894268552,0.623610316,-0.187977285,1.239161649,-0.163594618,3.439056742
1.050000000,-0.000000000,-0.000000000,0.358648874,0.670175242,0.000000000,0.000000000,-0.742202900,-0.000000000,-0.000000000,0.029685980,0.000000000,-0.000000000,-1.583118588,-0.080378823,0.890600639,-1.681678548,0.051361128,0.561845696,-1.170461721,-0.051361128,0.608616025,-1.170461721,0.080378823,0.791077909,-1.681678548,-1.109634522,-4.054067842,4.786738458,0.873456001,-0.370321250,-0.233139909,-0.873456001,0.603461158,-0.233139909,1.109634522,-0.732670616,4.786738458
1.066666667,-0.000000000,-0.000000000,0.358739221,0.660481841,0.000000000,0.000000000,-0.750842019,-0.000000000,-0.000000000,-0.026026402,0.000000000,-0.000000000,-1.536297051,-0.097221671,0.818809979,-1.593317516,0.065805439,0.556963859,-1.176307635,-0.065805439,0.619343776,-1.176307635,0.097221671,0.774507536,-1.593317516,-0.878770163,-4.286037333,5.425217024,0.871039538,-0.129201869,-0.654846333,-0.871039538,0.784048202,-0.654846333,0.878770163,-1.139179691,5.425217024
1.083333333,-0.000000000,-0.000000000,0.357541923,0.650914081,0.000000000,0.000000000,-0.759151407,-0.000000000,-0.000000000,-0.124831497,0.000000000,-0.000000000,-1.508204129,-0.109671162,0.747732728,-1.500837981,0.080395779,0.557538967,-1.192289932,-0.080395779,0.634750965,-1.192289932,0.109671162,0.753105252,-1.500837981,-0.604274114,-3.948958361,5.182122348,0.895191982,0.276679522,-1.436469038,-0.895191982,1.159789515,-1.436469038,0.604274114,-1.233163988,5.182122348
1.100000000,-0.000000000,-0.000000000,0.354338767,0.641361544,0.000000000,0.000000000,-0.767238796,-0.000000000,-0.000000000,-0.266729307,0.000000000,0.000000000,-1.498839821,-0.117364142,0.687178034,-1.420580104,0.095645172,0.566186509,-1.224189936,-0.095645172,0.658003426,-1.224189936,0.117364142,0.733402070,-1.420580104,-0.313822722,-3.016753993,3.914175448,0.838580152,1.162806813,-2.872809809,-0.838580152,1.710002997,-2.872809809,0.313822722,-0.897421454,3.914175448
1.116666667,-0.000000000,-0.000000000,0.348654058,0.631719201,0.000000000,0.000000000,-0.775197298,-0.000000000,-0.000000000,-0.408066879,0.000000000,0.000000000,-1.503249971,-0.120131919,0.647174262,-1.370365466,0.108348451,0.596299194,-1.288050259,-0.108348451,0.691751065,-1.288050259,0.120131919,0.723191204,-1.370365466,-0.002007571,-1.573911620,1.767840899,0.584415632,2.599886250,-4.820928195,-0.584415632,2.221041945,-4.820928195,0.002007571,-0.193929279,1.767840899
1.133333333,-0.000000000,-0.000000000,0.340982167,0.621920556,0.000000000,0.000000000,-0.783080342,-0.000000000,-0.000000000,-0.505191262,-0.000000000,0.000000000,-1.516480420,-0.117431061,0.634714313,-1.361652074,0.115125693,0.652849384,-1.384887542,-0.115125693,0.732038158,-1.384887542,0.117431061,0.726937761,-1.361652074,0.354948524,0.238917444,-0.925603652,0.231290554,3.901559203,-6.302851714,-0.231290554,2.401292511,-6.302851714,-0.354948524,0.686686208,-0.925603652
1.150000000,-0.000000000,-0.000000000,0.332059979,0.611907287,0.000000000,0.000000000,-0.790929499,-0.000000000,-0.000000000,-0.558102456,-0.000000000,0.000000000,-1.538531168,-0.108300302,0.655138177,-1.401218921,0.116058136,0.726351168,-1.498145316,-0.116058136,0.771794148,-1.498145316,0.108300302,0.746080744,-1.401218921,0.670002985,1.764399867,-3.107442418,-0.123548167,4.680474236,-6.872310262,0.123548167,2.191836026,-6.872310262,-0.670002985,1.343042551,-3.107442418
1.166666667,-0.000000000,-0.000000000,0.322624380,0.601618842,-0.000000000,0.000000000,-0.798783305,-0.000000000,-0.000000000,-0.566800460,-0.000000000,0.000000000,-1.569402215,-0.095097628,0.693527642,-1.465233488,0.111007420,0.808865192,-1.613964551,-0.111007420,0.805099359,-1.613964551,0.095097628,0.771705846,-1.465233488,0.823052811,2.264125112,-3.700085703,-0.485481873,5.015477958,-6.695849238,0.485481873,1.680371281,-6.695849238,-0.823052811,1.435960590,-3.700085703
1.183333333,-0.000000000,-0.000000000,0.313412259,0.590992460,-0.000000000,0.000000000,-0.806677080,-0.000000000,-0.000000000,-0.531285275,-0.000000000,0.000000000,-1.609093562,-0.080865208,0.730609014,-1.524555111,0.099875407,0.893533766,-1.721340291,-0.099875407,0.827806524,-1.721340291,0.080865208,0.793946097,-1.524555111,0.893197419,2.122339848,-3.280020022,-0.840716209,4.945398865,-5.926915987,0.840716209,0.981517121,-5.926915987,-0.893197419,1.157680174,-3.280020022
1.200000000,-0.000000000,-0.000000000,0.305160500,0.579963165,-0.000000000,0.000000000,-0.814642699,-0.000000000,-0.000000000,-0.451556901,-0.000000000,0.000000000,-1.657605207,-0.065324380,0.764272304,-1.574567489,0.082983547,0.973711821,-1.811528417,-0.082983547,0.837816596,-1.811528417,0.065324380,0.810295185,-1.574567489,0.974767388,1.868467498,-2.617233745,-1.147937450,4.474530545,-4.707648732,1.147937450,0.233118187,-4.707648732,-0.974767388,0.748766248,-2.617233745
1.216666667,-0.000000000,-0.000000000,0.298487821,0.568463899,-0.000000000,0.000000000,-0.822708208,-0.000000000,-0.000000000,-0.348885896,-0.000000000,-0.000000000,-1.714871804,-0.048372962,0.792891264,-1.611796236,0.061610826,1.042684784,-1.878261915,-0.061610826,0.835577131,-1.878261915,0.048372962,0.818904972,-1.611796236,1.055308532,1.560816949,-1.840468056,-1.335071913,3.633705994,-3.236221922,1.335071913,-0.397484072,-3.236221922,-1.055308532,0.279651106,-1.840468056
1.233333333,-0.000000000,-0.000000000,0.293540259,0.556425951,-0.000000000,0.000000000,-0.830897203,-0.000000000,-0.000000000,-0.244542818,-0.000000000,-0.000000000,-1.780828003,-0.030147429,0.816299535,-1.635916424,0.038481150,1.094835354,-1.919402481,-0.038481150,0.824567127,-1.919402481,0.030147429,0.819616889,-1.635916424,1.124358497,1.249743111,-1.061023257,-1.319848301,2.473626099,-1.681084723,1.319848301,-0.792541377,-1.681084723,-1.124358497,-0.188719853,-1.061023257
1.250000000,-0.000000000,-0.000000000,0.290345683,0.543778494,-0.000000000,0.000000000,-0.839228783,-0.000000000,-0.000000000,-0.138527667,-0.000000000,-0.000000000,-1.855473805,-0.010894345,0.834549367,-1.647163678,0.017615882,1.125138988,-1.934298073,-0.017615882,0.809159085,-1.934298073,0.010894345,0.812614310,-1.647163678,1.176495053,0.937263643,-0.289507175,-1.298512751,1.174075748,0.030084513,1.298512751,-1.204160261,0.030084513,-1.176495053,-0.647756468,-0.289507175
1.266666667,-0.000000000,-0.000000000,0.288931960,0.530448409,-0.000000000,0.000000000,-0.847717220,-0.000000000,-0.000000000,-0.030840444,-0.000000000,-0.000000000,-1.938809209,0.009069072,0.847541657,-1.645566663,-0.004802609,1.133971213,-1.918399664,0.004802609,0.784428452,-1.918399664,-0.009069072,0.798025006,-1.645566663,1.207964723,0.614740218,0.486022076,-1.516086155,-0.025395616,1.889698364,1.516086155,-1.864302748,1.889698364,-1.207964723,-1.100762295,0.486022076
1.283333333,-0.000000000,-0.000000000,0.289326958,0.516360262,0.000000000,-0.000000000,-0.856371461,-0.000000000,-0.000000000,0.078518853,-0.000000000,-0.000000000,-2.030834215,0.029371145,0.855040708,-1.630962942,-0.032920323,1.124292467,-1.871308127,0.032920323,0.747015660,-1.871308127,-0.029371145,0.775922234,-1.630962942,1.216170080,0.274101954,1.277466638,-1.727966155,-1.124683818,3.591607284,1.727966155,-2.466923466,3.591607284,-1.216170080,-1.551568592,1.277466638
1.300000000,-0.000000000,-0.000000000,0.291558544,0.501436297,0.000000000,-0.000000000,-0.865194568,-0.000000000,-0.000000000,0.189550223,-0.000000000,-0.000000000,-2.131548824,0.049608075,0.856678389,-1.602984442,-0.062401481,1.096481752,-1.798679421,0.062401481,0.702197669,-1.798679421,-0.049608075,0.746306053,-1.602984442,1.199652497,-0.079623283,2.071826352,-1.696878258,-2.148678085,4.935746128,1.696878258,-2.787068043,4.935746128,-1.199652497,-1.992203070,2.071826352
1.316666667,-0.000000000,-0.000000000,0.295522484,-0.485628266,-0.000000000,0.000000000,0.874165423,-0.000000000,-0.000000000,0.278474998,-0.000000000,0.000000000,-2.227853284,0.069359562,0.852386599,-1.561902063,-0.089482932,1.052669864,-1.706783256,0.089482932,0.654113392,-1.706783256,-0.069359562,0.709515465,-1.561902063,1.159610686,-0.385817954,2.748383421,-1.477129599,-2.954065731,5.808948968,1.477129599,-2.854883237,5.808948968,-1.159610686,-2.362565467,2.748383421
1.333333333,-0.000000000,-0.000000000,0.300586126,-0.469015567,0.000000000,0.000000000,0.883189899,-0.000000000,-0.000000000,0.321514511,0.000000000,0.000000000,-2.306647842,0.088261765,0.843817790,-1.511371661,-0.111639134,0.998012894,-1.605047789,0.111639134,0.607034895,-1.605047789,-0.088261765,0.667553871,-1.511371661,1.104305647,-0.573831572,3.174951338,-1.133913120,-3.407385285,6.061566899,1.133913120,-2.654181615,6.061566899,-1.104305647,-2.601119766,3.174951338
1.350000000,-0.000000000,-0.000000000,0.305984716,-0.451714585,0.000000000,0.000000000,0.892162504,-0.000000000,-0.000000000,0.318668762,0.000000000,0.000000000,-2.367932498,0.106169750,0.833258879,-1.456070352,-0.127280036,0.939090355,-1.504731026,0.127280036,0.565640671,-1.504731026,-0.106169750,0.622811473,-1.456070352,0.845135394,-0.294426797,2.588539210,-0.708228048,-3.435845824,5.579921397,0.708228048,-2.144075573,5.579921397,-0.845135394,-2.294112412,2.588539210
1.366666667,-0.000000000,-0.000000000,0.310953500,-0.433847665,0.000000000,0.000000000,0.900986240,-0.000000000,-0.000000000,0.269937751,0.000000000,0.000000000,-2.411707252,0.116432944,0.834003564,-1.425087021,-0.135246735,0.883484700,-1.419050409,0.135246735,0.535565709,-1.419050409,-0.116432944,0.591083457,-1.425087021,0.259711603,0.699226168,0.415352685,-0.211712237,-2.980565024,4.239182525,0.211712237,-1.258617501,4.239182525,-0.259711603,-1.114578854,0.415352685
1.383333333,-0.000000000,-0.000000000,0.314727723,-0.415543045,0.000000000,-0.000000000,0.909573514,-0.000000000,-0.000000000,0.175321478,0.000000000,0.000000000,-2.437972105,0.114826804,0.856566418,-1.442225263,-0.134337110,0.839738187,-1.363424942,0.134337110,0.523686755,-1.363424942,-0.114826804,0.585658844,-1.442225263,-0.371647448,1.914272933,-2.292389521,0.373238363,-2.007835607,1.951220607,-0.373238363,0.056615000,1.951220607,0.371647448,0.378116588,-2.292389521
1.400000000,-0.000000000,-0.000000000,0.316542631,-0.396934627,0.000000000,-0.000000000,0.917846884,-0.000000000,-0.000000000,0.034819942,0.000000000,0.000000000,-2.446727055,0.104044696,0.897812661,-1.501500005,-0.122805457,0.816556847,-1.354009722,0.122805457,0.537452876,-1.354009722,-0.104044696,0.603687344,-1.501500005,-0.869054872,2.875457816,-4.513545068,0.878361670,-0.869864214,-0.505153515,-0.878361670,1.375017729,-0.505153515,0.869054872,1.638087253,-4.513545068
1.416666667,-0.000000000,-0.000000000,0.315941179,-0.378155913,0.000000000,-0.000000000,0.925741922,-0.000000000,-0.000000000,-0.096179268,0.000000000,0.000000000,-2.440180519,0.085858308,0.952415012,-1.592676765,-0.105058388,0.810742714,-1.380263392,0.105058388,0.569520679,-1.380263392,-0.085858308,0.640261753,-1.592676765,-1.279733729,3.391372418,-5.903174519,1.079449606,-0.170613987,-1.874415968,-1.079449606,2.045029955,-1.874415968,1.279733729,2.511802101,-5.903174519
1.433333333,-0.000000000,-0.000000000,0.313697155,-0.359322099,0.000000000,-0.000000000,0.933213603,-0.000000000,-0.000000000,-0.162288564,0.000000000,0.000000000,-2.420540912,0.061386905,1.010858409,-1.698272489,-0.086823803,0.810869714,-1.416490255,0.086823803,0.605620541,-1.416490255,-0.061386905,0.687414080,-1.698272489,-1.613327218,3.341827355,-6.268827926,1.119797341,0.055735719,-2.234754799,-1.119797341,2.179019080,-2.234754799,1.613327218,2.927000571,-6.268827926
1.450000000,-0.000000000,-0.000000000,0.310892059,-0.340545952,0.000000000,-0.000000000,0.940227874,-0.000000000,-0.000000000,-0.163507946,0.000000000,0.000000000,-2.387808232,0.032080734,1.063809257,-1.801637696,-0.067731810,0.812600571,-1.454755219,0.067731810,0.642154648,-1.454755219,-0.032080734,0.737828438,-1.801637696,-1.826854386,2.771556538,-5.706095811,1.174885796,0.033808879,-2.131285188,-1.174885796,2.097476309,-2.131285188,1.826854386,2.934539273,-5.706095811
1.466666667,-0.000000000,-0.000000000,0.308607390,-0.321942909,0.000000000,-0.000000000,0.946759084,-0.000000000,-0.000000000,-0.099837415,0.000000000,0.000000000,-2.341982480,0.000491759,1.103243626,-1.888475683,-0.047660943,0.811996676,-1.487533094,0.047660943,0.675536418,-1.487533094,-0.000491759,0.785232056,-1.888475683,-1.839761792,1.756484892,-4.318671918,1.228449153,-0.213886456,-1.585544667,-1.228449153,1.799431123,-1.585544667,1.839761792,2.562187026,-4.318671918
1.483333333,-0.000000000,-0.000000000,0.307924645,-0.303630578,0.000000000,-0.000000000,0.952789836,-0.000000000,-0.000000000,0.028723030,-0.000000000,-0.000000000,-2.283063656,-0.029244659,1.122358754,-1.945593426,-0.026783505,0.805471022,-1.507606708,0.026783505,0.702135686,-1.507606708,0.029244659,0.823234673,-1.945593426,-1.565617463,0.375716885,-2.139371073,1.261738168,-0.671450925,-0.605466693,-1.261738168,1.276917618,-0.605466693,1.565617463,1.763654188,-2.139371073
1.500000000,-0.000000000,-0.000000000,0.309925324,-0.285728228,0.000000000,-0.000000000,0.958310691,-0.000000000,-0.000000000,0.222173388,-0.000000000,-0.000000000,-2.211051760,-0.051695490,1.115767523,-1.959788052,-0.005603004,0.789614979,-1.507715317,0.005603004,0.718100339,-1.507715317,0.051695490,0.844020529,-1.959788052,-1.245380320,-1.349293424,0.600442930,1.257027110,-1.299541277,0.752629051,-1.257027110,0.546912226,0.752629051,1.245380320,0.748850494,0.600442930
1.516666667,-0.000000000,-0.000000000,0.315330425,-0.268321257,0.000000000,-0.000000000,0.963329488,-0.000000000,-0.000000000,0.415623747,-0.000000000,-0.000000000,-2.139039865,-0.070757336,1.077382306,-1.925578662,0.015117399,0.762152980,-1.482519073,-0.015117399,0.720366093,-1.482519073,0.070757336,0.848196356,-1.925578662,-1.166899847,-3.165498686,3.250033671,1.212142510,-1.925771576,2.153204820,-1.212142510,-0.227433244,2.153204820,1.166899847,-0.084534985,3.250033671
1.533333333,-0.000000000,-0.000000000,0.323418949,-0.251354293,0.000000000,-0.000000000,0.967895149,-0.000000000,-0.000000000,0.544184192,-0.000000000,-0.000000000,-2.080121041,-0.090592151,1.010250900,-1.851453596,0.034801746,0.725422593,-1.435941823,-0.034801746,0.710519230,-1.435941823,0.090592151,0.841202696,-1.851453596,-1.099221921,-4.604339730,5.422128749,1.144060185,-2.382864741,3.246344605,-1.144060185,-0.863479863,3.246344605,1.099221921,-0.817789019,5.422128749
1.550000000,-0.000000000,-0.000000000,0.333109398,-0.234733994,-0.000000000,-0.000000000,0.972059644,-0.000000000,-0.000000000,0.607854723,-0.000000000,-0.000000000,-2.034295289,-0.107398067,0.923904315,-1.744841037,0.053252738,0.682724155,-1.374307586,-0.053252738,0.691583431,-1.374307586,0.107398067,0.820936722,-1.744841037,-0.860643271,-5.490927235,7.109980055,1.073548911,-2.640755808,3.944981383,-1.073548911,-1.304225575,3.944981383,0.860643271,-1.619052820,7.109980055
1.566666667,-0.000000000,-0.000000000,0.343320274,-0.218364222,-0.000000000,0.000000000,0.975867341,-0.000000000,-0.000000000,0.606635341,-0.000000000,-0.000000000,-2.001562609,-0.119280260,0.827219992,-1.614454261,0.070586710,0.637397399,-1.304442444,-0.070586710,0.667045045,-1.304442444,0.119280260,0.787234269,-1.614454261,-0.549084573,-5.863802041,8.209113398,1.017115721,-2.686546273,4.202191445,-1.017115721,-1.515645172,4.202191445,0.549084573,-2.345311357,8.209113398
1.583333333,-0.000000000,-0.000000000,0.352970077,-0.202146486,-0.000000000,0.000000000,0.979355297,-0.000000000,-0.000000000,0.540526045,-0.000000000,-0.000000000,-1.981923001,-0.125700886,0.728444247,-1.471203924,0.087156596,0.593172613,-1.234234538,-0.087156596,0.641061925,-1.234234538,0.125700886,0.742759677,-1.471203924,-0.224689693,-5.727783181,8.548131799,0.987159381,-2.487550056,3.939352545,-0.987159381,-1.451802489,3.939352545,0.224689693,-2.820348618,8.548131799
1.600000000,-0.000000000,-0.000000000,0.360977309,-0.185980330,-0.000000000,0.000000000,0.982553468,-0.000000000,-0.000000000,0.409526835,-0.000000000,-0.000000000,-1.975376465,-0.126769917,0.636293886,-1.329516534,0.103492022,0.554479064,-1.173130692,-0.103492022,0.618651628,-1.173130692,0.126769917,0.693222648,-1.329516534,0.089896701,-5.032807275,7.913813312,0.864854189,-1.258382591,1.792741101,-0.864854189,-0.534358510,1.792741101,-0.089896701,-2.881006036,7.913813312
1.616666667,-0.000000000,-0.000000000,0.366487885,-0.169812858,-0.000000000,0.000000000,0.985476328,-0.000000000,-0.000000000,0.254572107,0.000000000,0.000000000,-1.963953427,-0.122704329,0.560684005,-1.207410147,0.115985069,0.551226526,-1.174476501,-0.115985069,0.623249975,-1.174476501,0.122704329,0.646726142,-1.207410147,0.398199460,-3.770745902,6.258875357,0.546752586,1.295220579,-2.708828745,-0.546752586,1.413608166,-2.708828745,-0.398199460,-2.488129455,6.258875357
1.633333333,-0.000000000,-0.000000000,0.369557373,-0.153787669,-0.000000000,0.000000000,0.988103918,-0.000000000,-0.000000000,0.116596256,0.000000000,0.000000000,-1.929684311,-0.113496602,0.510602356,-1.120887356,0.121717109,0.597653083,-1.263424984,-0.121717109,0.665771900,-1.263424984,0.113496602,0.610285000,-1.120887356,0.714565139,-1.956793090,3.651829307,0.168024478,3.647993118,-6.819265635,-0.168024478,3.171272517,-6.819265635,-0.714565139,-1.695036217,3.651829307
1.650000000,-0.000000000,-0.000000000,0.370468754,-0.138099055,-0.000000000,0.000000000,0.990418422,-0.000000000,-0.000000000,-0.004400718,0.000000000,0.000000000,-1.872569118,-0.098885491,0.495457569,-1.085682503,0.121585885,0.672826297,-1.401785356,-0.121585885,0.728959059,-1.401785356,0.098885491,0.590224935,-1.085682503,0.942666614,-0.178755347,0.973756865,-0.171683766,4.834150675,-8.784148656,0.171683766,3.949997981,-8.784148656,-0.942666614,-0.795001518,0.973756865
1.666666667,-0.000000000,-0.000000000,0.369505009,-0.122942550,-0.000000000,-0.000000000,0.992413789,-0.000000000,-0.000000000,-0.108418815,0.000000000,0.000000000,-1.792607848,-0.082074381,0.504643844,-1.088428793,0.115994316,0.758791439,-1.556229939,-0.115994316,0.797438500,-1.556229939,0.082074381,0.583784949,-1.088428793,0.969737700,0.758046064,-0.580516825,-0.484364729,5.082746437,-9.026586111,0.484364729,3.943839674,-9.026586111,-0.969737700,-0.177529239,-0.580516825
1.683333333,-0.000000000,-0.000000000,0.366949120,-0.108514383,-0.000000000,-0.000000000,0.994094879,-0.000000000,-0.000000000,-0.195458034,0.000000000,0.000000000,-1.689800501,-0.066560901,0.520725771,-1.105033064,0.105440394,0.842251178,-1.702671559,-0.105440394,0.860420381,-1.702671559,0.066560901,0.584307293,-1.105033064,0.892818648,1.126138122,-1.325346014,-0.743365086,4.620158140,-8.017596255,0.743365086,3.397438114,-8.017596255,-0.892818648,0.199207891,-1.325346014
1.700000000,-0.000000000,-0.000000000,0.363084069,-0.095010976,0.000000000,-0.000000000,0.995476225,-0.000000000,-0.000000000,-0.265518377,0.000000000,0.000000000,-1.564147076,-0.052313760,0.542181782,-1.132606994,0.091215480,0.912796711,-1.823483148,-0.091215480,0.910686437,-1.823483148,0.052313760,0.590425212,-1.132606994,0.818564311,1.406048307,-1.902738868,-0.873942452,3.568669018,-6.057838048,0.873942452,2.489169030,-6.057838048,-0.818564311,0.496690561,-1.902738868
1.716666667,-0.000000000,-0.000000000,0.358160714,-0.082548668,0.000000000,-0.000000000,0.996587035,-0.000000000,-0.000000000,-0.324381590,0.000000000,0.000000000,-1.444490874,-0.039275424,0.567594048,-1.168457693,0.076308979,0.961206812,-1.904599494,-0.076308979,0.943392682,-1.904599494,0.039275424,0.600863645,-1.168457693,0.756508263,1.621394066,-2.348643238,-0.850490288,2.010529446,-3.296242805,0.850490288,1.285713359,-3.296242805,-0.756508263,0.727249172,-2.348643238
1.733333333,-0.000000000,-0.000000000,0.352301434,-0.070923284,0.000000000,-0.000000000,0.997481773,-0.000000000,-0.000000000,-0.377829422,-0.000000000,-0.000000000,-1.359675194,-0.027096817,0.596228251,-1.210895102,0.062865804,0.979814359,-1.933357908,-0.062865804,0.953543549,-1.933357908,0.027096817,0.614666851,-1.210895102,0.717265085,1.799075147,-2.701148531,-1.136673394,0.331309709,-0.044985618,1.136673394,-0.286324091,-0.044985618,-0.717265085,0.902073383,-2.701148531
1.750000000,-0.000000000,-0.000000000,0.345596486,-0.059848890,0.000000000,-0.000000000,0.998207449,-0.000000000,-0.000000000,-0.425861873,-0.000000000,-0.000000000,-1.309700035,-0.015366588,0.627563219,-1.258495977,0.038419866,0.972250469,-1.906099015,-0.038419866,0.933848546,-1.906099015,0.015366588,0.630932758,-1.258495977,0.702420315,1.947687382,-2.970404499,-1.656136670,-1.044234191,2.829103982,1.656136670,-1.784869791,2.829103982,-0.702420315,1.022717117,-2.970404499
1.766666667,-0.000000000,-0.000000000,0.338136124,-0.049038090,0.000000000,-0.000000000,0.998796909,-0.000000000,-0.000000000,-0.468478942,-0.000000000,-0.000000000,-1.294565398,-0.003682807,0.661151163,-1.309908585,0.007661248,0.945006552,-1.839054442,-0.007661248,0.894047889,-1.839054442,0.003682807,0.648757422,-1.309908585,0.711660720,2.072065208,-3.161389776,-1.825093784,-2.023047062,4.683165869,1.825093784,-2.660118808,4.683165869,-0.711660720,1.089324568,-3.161389776
1.783333333,-0.000000000,-0.000000000,0.330010606,-0.038202509,0.000000000,-0.000000000,0.999270018,-0.000000000,-0.000000000,-0.505680630,-0.000000000,-0.000000000,-1.314271283,0.008355436,0.696632059,-1.363875637,-0.022416594,0.904815567,-1.749993486,0.022416594,0.845177919,-1.749993486,-0.008355436,0.667243577,-1.363875637,0.745101850,2.177588012,-3.279723200,-1.643129031,-2.548573322,5.432656360,1.643129031,-2.884083037,5.432656360,-0.745101850,1.102135188,-3.279723200
1.800000000,-0.000000000,-0.000000000,0.321310189,-0.027053163,-0.000000000,-0.000000000,0.999633996,0.000000000,-0.000000000,-0.537466937,-0.000000000,-0.000000000,-1.368817689,0.021153921,0.733737430,-1.419232692,-0.047109719,0.860054108,-1.657965896,0.047109719,0.797911788,-1.657965896,-0.021153921,0.685495261,-1.419232692,0.798962478,2.264100733,-3.325772273,-1.238125120,-2.515807518,4.970883196,1.238125120,-2.455075678,4.970883196,-0.798962478,1.061671539,-3.325772273
1.816666667,-0.000000000,-0.000000000,0.312161217,-0.015420468,-0.000000000,-0.000000000,0.999881098,0.000000000,-0.000000000,-0.557341605,-0.000000000,0.000000000,-1.415119911,0.034987518,0.772102084,-1.474734712,-0.063687431,0.820955316,-1.584297379,0.063687431,0.763342063,-1.584297379,-0.034987518,0.702632628,-1.474734712,0.852241680,2.308855514,-3.283038128,-0.704526902,-1.831813475,3.191896846,0.704526902,-1.360083372,3.191896846,-0.852241680,0.974182614,-3.283038128
1.833333333,-0.000000000,-0.000000000,0.302834401,-0.003613705,0.000000000,-0.000000000,0.999993471,0.000000000,-0.000000000,-0.558808378,-0.000000000,0.000000000,-1.410093240,0.049561977,0.810699281,-1.528667296,-0.070593950,0.798993659,-1.551569335,0.070593950,0.752575676,-1.551569335,-0.049561977,0.717968015,-1.528667296,0.881913053,2.287972155,-3.141804629,-0.062224805,-0.470755004,0.076208413,0.062224805,0.394546591,0.076208413,-0.881913053,0.853832474,-3.141804629
1.850000000,-0.000000000,-0.000000000,0.293636538,0.007937811,0.000000000,0.000000000,0.999968495,0.000000000,-0.000000000,-0.541867254,-0.000000000,0.000000000,-1.353737678,0.064384620,0.848367822,-1.579461533,-0.065761591,0.805263483,-1.581757099,0.065761591,0.776493616,-1.581757099,-0.064384620,0.731093711,-1.579461533,0.879806465,2.197798832,-2.914793980,0.501225419,0.849888241,-2.849155063,-0.501225419,1.999266822,-2.849155063,-0.879806465,0.716995148,-2.914793980
1.866666667,-0.000000000,-0.000000000,0.284874425,0.018804893,0.000000000,0.000000000,0.999823172,0.000000000,-0.000000000,-0.506518234,-0.000000000,0.000000000,-1.246053225,0.078888860,0.883959242,-1.625827095,-0.053886436,0.827323267,-1.646541170,0.053886436,0.819217903,-1.646541170,-0.078888860,0.741867853,-1.625827095,0.841382952,2.038244468,-2.617137756,0.701926386,1.235834745,-3.669749288,-0.701926386,2.433914543,-3.669749288,-0.841382952,0.578893288,-2.617137756
1.883333333,-0.000000000,-0.000000000,0.276854863,0.028558984,0.000000000,0.000000000,0.999592109,0.000000000,-0.000000000,-0.452761318,-0.000000000,0.000000000,-1.087039879,0.092430719,0.916309305,-1.666699459,-0.042364045,0.846457974,-1.704082075,0.042364045,0.857624101,-1.704082075,-0.092430719,0.750390154,-1.666699459,0.762127923,1.807899965,-2.260647237,0.657534754,1.052067522,-3.187567322,-0.657534754,2.135499800,-3.187567322,-0.762127923,0.452747272,-2.260647237
1.900000000,-0.000000000,-0.000000000,0.269884648,0.036772460,0.000000000,0.000000000,0.999323664,0.000000000,-0.000000000,-0.380596506,0.000000000,0.000000000,-0.876697642,0.104293124,0.944222574,-1.701182003,-0.031968610,0.862392185,-1.752793414,0.031968610,0.890401230,-1.752793414,-0.104293124,0.756959429,-1.701182003,0.642840628,1.513528421,-1.861973394,0.567497537,0.857151649,-2.624826629,-0.567497537,1.767674980,-2.624826629,-0.642840628,0.348444973,-1.861973394
1.916666667,-0.000000000,-0.000000000,0.264202838,0.043131437,0.000000000,0.000000000,0.999069407,0.000000000,-0.000000000,-0.302217080,0.000000000,-0.000000000,-0.655672693,0.113858739,0.966760252,-1.728765238,-0.023447461,0.875029696,-1.791576296,0.023447461,0.916546600,-1.791576296,-0.113858739,0.762004986,-1.728765238,0.505151650,1.196973769,-1.466007600,0.450835910,0.670366518,-2.051546855,-0.450835910,1.381180337,-2.051546855,-0.505151650,0.269033832,-1.466007600
1.933333333,-0.000000000,-0.000000000,0.259777530,0.047773672,0.000000000,0.000000000,0.998858186,-0.000000000,-0.000000000,-0.229816325,0.000000000,-0.000000000,-0.464611215,0.121131512,0.984121700,-1.750048923,-0.016940747,0.884737735,-1.821178310,0.016940747,0.936440574,-1.821178310,-0.121131512,0.765927224,-1.750048923,0.373647123,0.900838082,-1.109546866,0.333298807,0.505924474,-1.532706029,-0.333298807,1.026781554,-1.532706029,-0.373647123,0.208708784,-1.109546866
1.950000000,-0.000000000,-0.000000000,0.256509079,0.050949504,0.000000000,0.000000000,0.998701231,-0.000000000,0.000000000,-0.163394239,0.000000000,-0.000000000,-0.303513206,0.126313644,0.996788188,-1.765750134,-0.012337500,0.891893845,-1.842666497,0.012337500,0.950772652,-1.842666497,-0.126313644,0.768961946,-1.765750134,0.255548776,0.633540572,-0.791714530,0.225277165,0.361224499,-1.074160649,-0.225277165,0.712936150,-1.074160649,-0.255548776,0.158173958,-0.791714530
1.966666667,-0.000000000,-0.000000000,0.254297841,0.052908932,0.000000000,0.000000000,0.998599342,-0.000000000,0.000000000,-0.102950823,0.000000000,-0.000000000,-0.172378668,0.129649805,1.005239719,-1.776439408,-0.009431508,0.896778552,-1.856983664,0.009431508,0.960205113,-1.856983664,-0.129649805,0.771199689,-1.776439408,0.153229022,0.395073879,-0.504836220,0.131928574,0.231171452,-0.669670124,-0.131928574,0.438498672,-0.669670124,-0.153229022,0.109762341,-0.504836220
1.983333333,-0.000000000,-0.000000000,0.253044170,0.053901648,0.000000000,0.000000000,0.998546249,-0.000000000,0.000000000,-0.048486077,0.000000000,-0.000000000,-0.071207599,0.131421278,1.009957317,-1.782578008,-0.007939881,0.899599560,-1.864988835,0.007939881,0.965389274,-1.864988835,-0.131421278,0.772620690,-1.782578008,0.068671265,0.185493175,-0.243279294,0.057217928,0.111999641,-0.315047927,-0.057217928,0.203048286,-0.315047927,-0.068671265,0.057786119,-0.243279294
2.000000000,-0.000000000,-0.000000000,0.252648423,0.054177135,0.000000000,0.000000000,0.998531341,-0.000000000,0.000000000,-0.000000000,0.000000000,-0.000000000,-0.000000000,0.131938847,1.011422825,-1.784548717,-0.007524244,0.900511873,-1.867485262,0.007524244,0.966973389,-1.867485262,-0.131938847,0.773125893,-1.784548717,0.031054146,0.087930437,-0.118242575,0.024938257,0.054738779,-0.149785638,-0.024938257,0.095046858,-0.149785638,-0.031054146,0.030312138,-0.118242575
